index,player,total_shots,onTarget,offTarget,post,blocked,goals,xG_total,onTarget_percentage%,Shot_to_goal_ratio,Shot_onTarget_to_goal_ratio,xG/shot,team,MP,competition
0,Abdoul Karim Yoda,8,1,3,0,4,0,0.830658769,12.5,0.0,0.0,0.103832346125,Getafe,6,Spain - La Liga
1,Abdoulaye Doucouré,10,0,3,0,5,0,0.759715562,0.0,0.0,0.0,0.0759715562,Granada,8,Spain - La Liga
2,Abraham González Casanova,16,8,4,1,3,1,2.8344165205,50.0,6.25,12.5,0.17715103253125,Espanyol,9,Spain - La Liga
3,Adalberto Peñaranda Maestre,22,8,8,0,6,5,1.8952018255,36.36363636363637,22.727272727272727,62.5,0.08614553752272727,Granada,16,Spain - La Liga
4,Aderllan Leandro de Jesus Santos,8,2,3,0,1,0,1.080424582,25.0,0.0,0.0,0.13505307275,Valencia,8,Spain - La Liga
5,Adil Rami,16,3,5,0,2,0,1.589605585,18.75,0.0,0.0,0.0993503490625,Sevilla,11,Spain - La Liga
6,Adnane Tighadouini,15,5,3,0,5,1,0.823751483,33.33333333333333,6.666666666666667,20.0,0.054916765533333335,Málaga,7,Spain - La Liga
7,Adriano Correia Claro,1,0,1,0,0,0,0.03642713,0.0,0.0,0.0,0.03642713,Barcelona,1,Spain - La Liga
8,Adrián Embarba Blázquez,40,15,15,2,7,2,3.4780389766,37.5,5.0,13.333333333333334,0.086950974415,Rayo Vallecano,19,Spain - La Liga
9,Adrián González Morales,47,19,9,1,16,5,4.82548553,40.42553191489361,10.638297872340425,26.31578947368421,0.10266990489361702,Eibar,19,Spain - La Liga
10,Adrián López Álvarez,8,6,1,0,1,4,2.63362733,75.0,50.0,66.66666666666666,0.32920341625,Villarreal,6,Spain - La Liga
11,Adrián Marín Gómez,1,1,0,0,0,0,0.016992906,100.0,0.0,0.0,0.016992906,Villarreal,1,Spain - La Liga
12,Ager Aketxe Barrutia,4,1,3,0,0,0,0.169452501,25.0,0.0,0.0,0.04236312525,Athletic Club,1,Spain - La Liga
13,Alberto De La Bella Madureño,4,0,2,0,2,0,0.271799965,0.0,0.0,0.0,0.06794999125,Real Sociedad,4,Spain - La Liga
14,Alberto Lopo García,4,0,4,0,0,0,0.275011138,0.0,0.0,0.0,0.0687527845,RC Deportivo La Coruña,3,Spain - La Liga
15,Alberto Lora Ramos,6,0,1,0,4,0,0.153656926,0.0,0.0,0.0,0.025609487666666667,Sporting Gijón,6,Spain - La Liga
16,Alberto Mateus Contreiras Gonçalves,25,11,10,0,2,4,4.6521398309999995,44.0,16.0,36.36363636363637,0.18608559323999999,Rayo Vallecano,17,Spain - La Liga
17,Aleix Vidal Parreu,1,0,1,0,0,0,0.024603646,0.0,0.0,0.0,0.024603646,Barcelona,1,Spain - La Liga
18,Alejandro Arribas Garrido,12,4,4,0,3,2,1.385663744,33.33333333333333,16.666666666666664,50.0,0.11547197866666666,RC Deportivo La Coruña,10,Spain - La Liga
19,Alejandro Barrera García,2,1,0,0,1,0,0.114253789,50.0,0.0,0.0,0.0571268945,Sporting Gijón,2,Spain - La Liga
20,Alejandro Bergantiños García,16,4,4,1,6,2,1.145975365,25.0,12.5,50.0,0.0716234603125,RC Deportivo La Coruña,11,Spain - La Liga
21,Alejandro Menéndez Díez,18,5,4,0,5,2,1.235945887,27.77777777777778,11.11111111111111,40.0,0.06866366038888888,Sporting Gijón,9,Spain - La Liga
22,Aleksandar Pantić,10,1,5,0,2,0,0.848193873,10.0,0.0,0.0,0.08481938730000001,Eibar,9,Spain - La Liga
23,Alen Halilović,59,13,25,0,20,3,4.2026200345,22.033898305084744,5.084745762711865,23.076923076923077,0.07123084804237288,Sporting Gijón,28,Spain - La Liga
24,Alexis Ruano Delgado,3,1,0,0,2,1,0.0922582494,33.33333333333333,33.33333333333333,100.0,0.030752749800000003,Getafe,3,Spain - La Liga
25,Alfonso Pedraza Sag,1,1,0,0,0,0,0.055393353,100.0,0.0,0.0,0.055393353,Villarreal,1,Spain - La Liga
26,Alfred John Momar N''Diaye,26,5,11,0,7,2,2.980223289,19.230769230769234,7.6923076923076925,40.0,0.11462397265384615,Real Betis,16,Spain - La Liga
27,Alhassane Bangoura,18,5,9,0,4,0,0.6770872985999999,27.77777777777778,0.0,0.0,0.03761596103333333,Rayo Vallecano,12,Spain - La Liga
28,Anaitz Arbilla Zabala,7,2,0,0,4,0,0.347926367,28.57142857142857,0.0,0.0,0.04970376671428572,Espanyol,4,Spain - La Liga
29,Ander Capa Rodríguez,16,5,2,0,8,2,0.7176787920000001,31.25,12.5,40.0,0.044854924500000004,Eibar,14,Spain - La Liga
30,Ander Iturraspe Derteano,4,1,2,0,1,0,0.110007938,25.0,0.0,0.0,0.0275019845,Athletic Club,4,Spain - La Liga
31,Andreu Fontàs Prat,2,1,0,0,1,1,0.31877683,50.0,50.0,100.0,0.159388415,Celta Vigo,2,Spain - La Liga
32,André Filipe Tavares Gomes,42,16,9,1,15,3,2.4019777734,38.095238095238095,7.142857142857142,18.75,0.057189946985714286,Valencia,25,Spain - La Liga
33,Andrés Iniesta Luján,23,6,11,1,5,1,1.854386722,26.08695652173913,4.3478260869565215,16.666666666666664,0.08062550965217392,Barcelona,16,Spain - La Liga
34,Antoine Griezmann,92,43,27,3,18,22,15.968187153,46.73913043478261,23.91304347826087,51.162790697674424,0.1735672516630435,Atlético Madrid,34,Spain - La Liga
35,Antolín Alcáraz Viveros,2,1,0,0,1,1,0.37142179,50.0,50.0,100.0,0.185710895,Las Palmas,2,Spain - La Liga
36,Antonio Amaya Carazo,3,2,1,0,0,1,0.20450205999999999,66.66666666666666,33.33333333333333,50.0,0.06816735333333333,Rayo Vallecano,3,Spain - La Liga
37,Antonio García Aranda,11,3,3,0,3,0,0.2232377714,27.27272727272727,0.0,0.0,0.020294342854545455,Levante UD,9,Spain - La Liga
38,Antonio José Raillo Arenas,4,1,1,0,1,0,0.22443217099999999,25.0,0.0,0.0,0.056108042749999996,Espanyol,3,Spain - La Liga
39,Antonio Manuel Luna Rodríguez,2,1,0,0,1,0,0.11135503599999999,50.0,0.0,0.0,0.055677517999999995,Eibar,2,Spain - La Liga
40,Antonio Rukavina,2,0,1,0,1,0,0.052419115,0.0,0.0,0.0,0.0262095575,Villarreal,2,Spain - La Liga
41,Aras Özbiliz,1,0,1,0,0,0,0.0523714,0.0,0.0,0.0,0.0523714,Rayo Vallecano,1,Spain - La Liga
42,Arda Turan,8,3,3,0,1,2,1.193095765,37.5,25.0,66.66666666666666,0.149136970625,Barcelona,7,Spain - La Liga
43,Aritz Aduriz Zubeldia,96,49,26,5,13,20,18.7169077647,51.041666666666664,20.833333333333336,40.816326530612244,0.194967789215625,Athletic Club,31,Spain - La Liga
44,Aritz Elustondo Irribaria,16,6,6,0,2,1,1.642010485,37.5,6.25,16.666666666666664,0.1026256553125,Real Sociedad,12,Spain - La Liga
45,Armindo Tué Na Bangna,48,20,13,0,13,2,3.518182542,41.66666666666667,4.166666666666666,10.0,0.073295469625,Real Sociedad,22,Spain - La Liga
46,Arnaldo Antonio Sanabria Ayala,52,19,17,4,8,11,11.4146459414,36.53846153846153,21.153846153846153,57.89473684210527,0.21951242195,Sporting Gijón,22,Spain - La Liga
47,Arthur Etienne Boka,7,2,3,0,2,0,0.56619843,28.57142857142857,0.0,0.0,0.08088549,Málaga,5,Spain - La Liga
48,Asier Illarramendi Andonegi,22,7,5,0,9,1,1.2959312094,31.818181818181817,4.545454545454546,14.285714285714285,0.05890596406363636,Real Sociedad,17,Spain - La Liga
49,Augusto Matías Fernández,13,4,4,0,2,1,0.845611313,30.76923076923077,7.6923076923076925,25.0,0.06504702407692307,Atlético Madrid,11,Spain - La Liga
50,Aymen Abdennour,7,2,3,0,1,0,0.998068014,28.57142857142857,0.0,0.0,0.14258114485714285,Valencia,5,Spain - La Liga
51,Aymeric Laporte,20,6,2,0,8,3,2.9842405446,30.0,15.0,50.0,0.14921202723,Athletic Club,14,Spain - La Liga
52,Aythami Artiles Oliva,9,2,3,0,1,0,1.3028320180000001,22.22222222222222,0.0,0.0,0.14475911311111112,Las Palmas,8,Spain - La Liga
53,Benoît Trémoulinas,13,5,4,0,3,0,0.794651972,38.46153846153847,0.0,0.0,0.06112707476923077,Sevilla,8,Spain - La Liga
54,Bernard Mensah,2,0,2,0,0,0,0.018181613,0.0,0.0,0.0,0.0090908065,Getafe,2,Spain - La Liga
55,Bernardo José Espinosa Zúñiga,14,5,3,0,1,1,0.825819953,35.714285714285715,7.142857142857142,20.0,0.0589871395,Sporting Gijón,8,Spain - La Liga
56,Beñat Etxebarria Urkiaga,30,9,12,1,7,1,1.1956550934,30.0,3.3333333333333335,11.11111111111111,0.039855169780000005,Athletic Club,19,Spain - La Liga
57,Borja González Tomás,94,42,27,1,18,18,16.8726144725,44.680851063829785,19.148936170212767,42.857142857142854,0.17949589864361704,Eibar,34,Spain - La Liga
58,Borja Mayoral Moya,3,2,0,0,0,0,0.18336825099999998,66.66666666666666,0.0,0.0,0.06112275033333333,Real Madrid,2,Spain - La Liga
59,Borja Viguera Manzanares,7,2,3,0,1,0,1.045676658,28.57142857142857,0.0,0.0,0.14938237971428572,Athletic Club,5,Spain - La Liga
60,Bruno González Cabrera,17,3,7,0,5,0,1.076868629,17.647058823529413,0.0,0.0,0.06334521347058823,Real Betis,14,Spain - La Liga
61,Bruno Soriano Llido,25,9,8,1,6,5,3.8251735129999997,36.0,20.0,55.55555555555556,0.15300694052,Villarreal,15,Spain - La Liga
62,Carl Medjani,6,2,4,0,0,1,0.54010925,33.33333333333333,16.666666666666664,50.0,0.09001820833333334,Levante UD,6,Spain - La Liga
63,Carles Planas Antolínez,3,1,2,0,0,0,0.15004844900000003,33.33333333333333,0.0,0.0,0.050016149666666676,Celta Vigo,3,Spain - La Liga
64,Carlos Alberto Vela Garrido,61,20,25,2,14,5,8.068021599,32.78688524590164,8.19672131147541,25.0,0.13226264916393443,Real Sociedad,29,Spain - La Liga
65,Carlos Carmona Bonet,15,5,4,0,3,2,2.6045733423,33.33333333333333,13.333333333333334,40.0,0.17363822282000002,Sporting Gijón,10,Spain - La Liga
66,Carlos Castro García,25,12,2,2,9,7,5.360134525,48.0,28.000000000000004,58.333333333333336,0.214405381,Sporting Gijón,14,Spain - La Liga
67,Carlos Gurpegi Nausia,5,0,2,0,0,0,0.293443836,0.0,0.0,0.0,0.058688767200000005,Athletic Club,4,Spain - La Liga
68,Carlos Henrique Casimiro,20,3,11,0,6,1,1.0785193644,15.0,5.0,33.33333333333333,0.053925968219999995,Real Madrid,10,Spain - La Liga
69,Carlos Martín Vigaray,4,3,1,0,0,1,0.293112745,75.0,25.0,33.33333333333333,0.07327818625,Getafe,2,Spain - La Liga
70,Carlos Martínez Díez,3,0,2,1,0,0,0.1943658597,0.0,0.0,0.0,0.0647886199,Real Sociedad,2,Spain - La Liga
71,Celso Borges Mora,20,8,5,0,4,3,2.718280613,40.0,15.0,37.5,0.13591403065000002,RC Deportivo La Coruña,15,Spain - La Liga
72,Charles Días Barbosa de Oliveira,86,39,18,2,17,12,10.830982918,45.348837209302324,13.953488372093023,30.76923076923077,0.1259416618372093,Málaga,32,Spain - La Liga
73,Charly Musonda Junior,14,6,3,0,4,1,0.672990705,42.857142857142854,7.142857142857142,16.666666666666664,0.048070764642857144,Real Betis,9,Spain - La Liga
74,Christian Atsu Twasam,9,6,3,0,0,2,1.258855359,66.66666666666666,22.22222222222222,33.33333333333333,0.13987281766666668,Málaga,7,Spain - La Liga
75,Ciro Immobile,14,6,5,0,3,2,2.585423243,42.857142857142854,14.285714285714285,33.33333333333333,0.18467308878571428,Sevilla,5,Spain - La Liga
76,Claudio Beauvue,11,4,5,0,1,1,1.0845382465,36.36363636363637,9.090909090909092,25.0,0.09859438604545455,Celta Vigo,6,Spain - La Liga
77,Claudio Matías Kranevitter,1,0,0,0,1,0,0.031144707,0.0,0.0,0.0,0.031144707,Atlético Madrid,1,Spain - La Liga
78,Cristiano Biraghi,11,1,6,0,2,0,0.14334882999999998,9.090909090909092,0.0,0.0,0.013031711818181817,Granada,10,Spain - La Liga
79,Cristiano Piccini,14,3,4,0,5,0,0.4584426865,21.428571428571427,0.0,0.0,0.03274590617857143,Real Betis,10,Spain - La Liga
80,Cristiano Ronaldo dos Santos Aveiro,228,97,73,7,39,35,31.9684259918,42.54385964912281,15.350877192982457,36.08247422680412,0.1402123947008772,Real Madrid,36,Spain - La Liga
81,Cédric Bakambu,49,26,15,0,8,12,9.37201188,53.06122448979592,24.489795918367346,46.15384615384615,0.19126554857142858,Villarreal,22,Spain - La Liga
82,Damián Nicolás Suárez Suárez,9,2,4,0,2,0,0.2029115453,22.22222222222222,0.0,0.0,0.022545727255555554,Getafe,8,Spain - La Liga
83,Dani Castellano Betancor,8,2,4,0,2,0,0.35396272900000003,25.0,0.0,0.0,0.044245341125000004,Las Palmas,7,Spain - La Liga
84,Daniel Alves da Silva,16,4,5,1,5,0,0.665335579,25.0,0.0,0.0,0.0415834736875,Barcelona,10,Spain - La Liga
85,Daniel Arnaud N''Di	,12,4,5,0,2,1,1.714392993,33.33333333333333,8.333333333333332,25.0,0.14286608274999998,Sporting Gijón,9,Spain - La Liga
86,Daniel Carvajal Ramos,8,0,6,0,1,0,0.407570095,0.0,0.0,0.0,0.050946261875,Real Madrid,7,Spain - La Liga
87,Daniel Ceballos Fernández,17,3,7,1,6,0,0.7154775614,17.647058823529413,0.0,0.0,0.042086915376470586,Real Betis,12,Spain - La Liga
88,Daniel Filipe Martins Carriço,7,3,4,0,0,1,1.052343279,42.857142857142854,14.285714285714285,33.33333333333333,0.15033475414285716,Sevilla,5,Spain - La Liga
89,Daniel García Carrillo,20,4,7,0,6,0,1.297457007,20.0,0.0,0.0,0.06487285035,Eibar,13,Spain - La Liga
90,Daniel Parejo Muñoz,46,20,12,2,12,8,4.5968741892,43.47826086956522,17.391304347826086,40.0,0.09993204759130435,Valencia,26,Spain - La Liga
91,Daniel Wass,49,13,22,1,12,2,4.2581358295,26.53061224489796,4.081632653061225,15.384615384615385,0.08690073121428571,Celta Vigo,26,Spain - La Liga
92,Daniele Bonera,2,1,1,0,0,0,0.187640244,50.0,0.0,0.0,0.093820122,Villarreal,2,Spain - La Liga
93,Danilo Barbosa da Silva,16,3,7,0,6,0,0.876247253,18.75,0.0,0.0,0.0547654533125,Valencia,9,Spain - La Liga
94,Danilo Luiz da Silva,18,6,8,0,4,2,0.958600025,33.33333333333333,11.11111111111111,33.33333333333333,0.05325555694444444,Real Madrid,13,Spain - La Liga
95,David Barral Torres,17,4,2,2,7,0,1.985814698,23.52941176470588,0.0,0.0,0.11681262929411765,Granada,10,Spain - La Liga
96,David Carmona Sierra,1,0,0,0,1,0,0.018405778,0.0,0.0,0.0,0.018405778,Sevilla,1,Spain - La Liga
97,David García Santana,9,3,2,0,2,2,0.849670647,33.33333333333333,22.22222222222222,66.66666666666666,0.09440784966666665,Las Palmas,7,Spain - La Liga
98,David Goldar Gómez,1,0,0,0,1,0,0.02429235,0.0,0.0,0.0,0.02429235,Celta Vigo,1,Spain - La Liga
99,David Juncà Reñé,9,0,3,0,5,0,0.3303019975,0.0,0.0,0.0,0.036700221944444444,Eibar,6,Spain - La Liga
100,David Navarro Pedrós,8,3,4,0,1,0,0.655677226,37.5,0.0,0.0,0.08195965325,Levante UD,6,Spain - La Liga
101,David Rodríguez Lombán,12,2,5,1,2,0,0.906136307,16.666666666666664,0.0,0.0,0.07551135891666667,Granada,11,Spain - La Liga
102,David Simón Rodríguez Santana,12,6,2,1,2,1,1.124173401,50.0,8.333333333333332,16.666666666666664,0.09368111675,Las Palmas,11,Spain - La Liga
103,David Zurutuza Veillet,19,8,5,0,6,1,1.6942070004,42.10526315789473,5.263157894736842,12.5,0.08916878949473685,Real Sociedad,10,Spain - La Liga
104,Dejan Dražić,1,0,1,0,0,0,0.08492896,0.0,0.0,0.0,0.08492896,Celta Vigo,1,Spain - La Liga
105,Denis Cheryshev,14,5,4,0,4,3,1.240559011,35.714285714285715,21.428571428571427,60.0,0.08861135792857143,Valencia,6,Spain - La Liga
106,Denis Suárez Fernández,37,16,11,1,9,4,3.0456727965,43.24324324324324,10.81081081081081,25.0,0.08231548098648649,Villarreal,23,Spain - La Liga
107,Deyverson Brum Silva Acosta,72,30,21,2,9,9,8.329647913,41.66666666666667,12.5,30.0,0.11568955434722222,Levante UD,27,Spain - La Liga
108,Didier Digard,2,1,0,0,1,0,0.0223828234,50.0,0.0,0.0,0.0111914117,Real Betis,2,Spain - La Liga
109,Diego Antonio Reyes Rosales,11,2,3,2,2,2,1.540850529,18.181818181818183,18.181818181818183,100.0,0.14007732081818183,Real Sociedad,11,Spain - La Liga
110,Diego González Polanco,2,2,0,0,0,1,0.31340444,100.0,50.0,50.0,0.15670222,Sevilla,2,Spain - La Liga
111,Diego Javier Llorente Ríos,15,6,3,1,4,2,1.1379153775,40.0,13.333333333333334,33.33333333333333,0.07586102516666667,Rayo Vallecano,12,Spain - La Liga
112,Diego Mainz García,1,0,0,0,1,0,0.096879065,0.0,0.0,0.0,0.096879065,Granada,1,Spain - La Liga
113,Diego Roberto Godín Leal,26,5,11,4,4,1,3.036824545,19.230769230769234,3.8461538461538463,20.0,0.11680094403846154,Atlético Madrid,16,Spain - La Liga
114,Dimitri Foulquier,6,1,3,0,2,1,0.9512411620000001,16.666666666666664,16.666666666666664,100.0,0.1585401936666667,Granada,5,Spain - La Liga
115,Diogo José Rosário Gomes Figueiras,2,0,0,0,2,0,0.015886201,0.0,0.0,0.0,0.0079431005,Sevilla,2,Spain - La Liga
116,Duje Čop,49,26,14,0,3,7,8.4229235944,53.06122448979592,14.285714285714285,26.923076923076923,0.17189639988571428,Málaga,26,Spain - La Liga
117,Eddy Silvestre Pascual İsrafilov,2,1,0,0,0,0,0.06747573300000001,50.0,0.0,0.0,0.033737866500000005,Eibar,2,Spain - La Liga
118,Edgar Antonio Méndez Ortega,11,2,5,0,2,1,0.5873136234999999,18.181818181818183,9.090909090909092,50.0,0.053392147590909086,Granada,8,Spain - La Liga
119,Egor Filipenko,8,0,5,0,3,0,0.422316535,0.0,0.0,0.0,0.052789566875,Málaga,5,Spain - La Liga
120,Emiliano Buendía,13,4,8,0,1,1,0.858005202,30.76923076923077,7.6923076923076925,25.0,0.06600040015384614,Getafe,9,Spain - La Liga
121,Emiliano Daniel Velázquez Maldonado,8,4,2,0,2,3,1.017033099,50.0,37.5,75.0,0.127129137375,Getafe,5,Spain - La Liga
122,Eneko Bóveda Altube,5,0,3,0,1,0,0.338055554,0.0,0.0,0.0,0.0676111108,Athletic Club,5,Spain - La Liga
123,Eneko Capilla González,1,1,0,0,0,0,0.039933976,100.0,0.0,0.0,0.039933976,Real Sociedad,1,Spain - La Liga
124,Enrique Sola Clemente,1,0,0,0,1,0,0.07494065,0.0,0.0,0.0,0.07494065,Athletic Club,1,Spain - La Liga
125,Enzo Nicolás Pérez,6,0,3,0,3,0,0.163569556,0.0,0.0,0.0,0.027261592666666667,Valencia,6,Spain - La Liga
126,Enzo Pablo Roco Roco,11,2,5,0,2,2,1.012274369,18.181818181818183,18.181818181818183,100.0,0.09202494263636364,Espanyol,9,Spain - La Liga
127,Eric Bertrand Bailly,4,1,1,0,0,0,0.40905513200000004,25.0,0.0,0.0,0.10226378300000001,Villarreal,4,Spain - La Liga
128,Esteban Félix Granero Molina,6,3,0,0,2,0,0.20335309199999999,50.0,0.0,0.0,0.033892182,Real Sociedad,3,Spain - La Liga
129,Fabián Ariel Orellana Valenzuela,77,24,22,3,27,7,8.8010895798,31.16883116883117,9.090909090909092,29.166666666666668,0.11429986467272726,Celta Vigo,30,Spain - La Liga
130,Fabián Ruiz Peña,5,2,1,0,2,0,0.171965702,40.0,0.0,0.0,0.0343931404,Real Betis,5,Spain - La Liga
131,Fayçal Fajr,45,20,16,1,7,5,2.2816990588,44.44444444444444,11.11111111111111,25.0,0.05070442352888889,RC Deportivo La Coruña,26,Spain - La Liga
132,Federico Julián Fazio,1,1,0,0,0,0,0.054777976,100.0,0.0,0.0,0.054777976,Sevilla,1,Spain - La Liga
133,Federico Nicolás Cartabia,52,17,21,1,10,3,2.1787349551,32.69230769230769,5.769230769230769,17.647058823529413,0.04189874913653846,RC Deportivo La Coruña,23,Spain - La Liga
134,Federico Ricca Rostagnol,2,1,0,0,1,1,0.319374878,50.0,50.0,100.0,0.159687439,Málaga,2,Spain - La Liga
135,Felipe Salvador Caicedo Corozo,42,18,13,0,5,8,7.426601118,42.857142857142854,19.047619047619047,44.44444444444444,0.17682383614285713,Espanyol,21,Spain - La Liga
136,Fernando Damián Tissone,8,1,4,0,2,0,0.2255235223,12.5,0.0,0.0,0.0281904402875,Málaga,6,Spain - La Liga
137,Fernando José Torres Sanz,57,23,13,2,12,11,7.838138895,40.35087719298245,19.298245614035086,47.82608695652174,0.13751120868421052,Atlético Madrid,25,Spain - La Liga
138,Fernando Llorente Torres,31,15,11,0,2,4,4.848640994,48.38709677419355,12.903225806451612,26.666666666666668,0.156407774,Sevilla,15,Spain - La Liga
139,Fernando Navarro i Corbacho,1,0,0,0,1,0,0.02207375,0.0,0.0,0.0,0.02207375,RC Deportivo La Coruña,1,Spain - La Liga
140,Filipe Luís Kasmirski,8,2,4,0,2,1,0.34777614,25.0,12.5,50.0,0.0434720175,Atlético Madrid,7,Spain - La Liga
141,Foued Kadir,10,1,4,0,5,0,0.35851372800000003,10.0,0.0,0.0,0.0358513728,Real Betis,5,Spain - La Liga
142,Francisco Alcácer García,63,28,19,0,12,13,13.127027984,44.44444444444444,20.634920634920633,46.42857142857143,0.20836552355555554,Valencia,29,Spain - La Liga
143,Francisco José Molinero Calderón,6,1,1,0,3,0,0.281783499,16.666666666666664,0.0,0.0,0.0469639165,Real Betis,6,Spain - La Liga
144,Francisco José Perdomo Borges,4,2,2,0,0,0,0.18017363,50.0,0.0,0.0,0.0450434075,Las Palmas,4,Spain - La Liga
145,Francisco José Sánchez Rodríguez,3,1,1,0,1,0,0.2139229738,33.33333333333333,0.0,0.0,0.07130765793333334,Sevilla,2,Spain - La Liga
146,Francisco Manuel Rico Castro,15,5,5,1,3,2,1.2488784,33.33333333333333,13.333333333333334,40.0,0.08325856,Granada,11,Spain - La Liga
147,Francisco Medina Luna,18,8,7,1,0,2,1.4544840023999999,44.44444444444444,11.11111111111111,25.0,0.0808046668,Rayo Vallecano,11,Spain - La Liga
148,Francisco Miguel Varela Martín,6,2,1,0,2,0,0.45565073,33.33333333333333,0.0,0.0,0.07594178833333333,Real Betis,5,Spain - La Liga
149,Francisco Montañés Claverías,3,2,1,0,0,0,0.195147305,66.66666666666666,0.0,0.0,0.06504910166666666,Espanyol,3,Spain - La Liga
150,Francisco Portillo Soler,5,0,3,0,1,0,0.298257697,0.0,0.0,0.0,0.059651539399999995,Real Betis,5,Spain - La Liga
151,Francisco Román Alarcón Suárez,42,11,17,0,13,3,3.5873396570000002,26.190476190476193,7.142857142857142,27.27272727272727,0.08541284897619048,Real Madrid,22,Spain - La Liga
152,Fábio Ricardo Gomes Fonseca,2,1,1,0,0,0,0.046949167,50.0,0.0,0.0,0.0234745835,Málaga,1,Spain - La Liga
153,Gabriel Fernández Arenas,17,3,9,0,4,1,0.48763952039999997,17.647058823529413,5.88235294117647,33.33333333333333,0.028684677670588233,Atlético Madrid,12,Spain - La Liga
154,Gareth Frank Bale,81,37,30,2,11,19,8.988327618,45.67901234567901,23.456790123456788,51.35135135135135,0.11096700762962962,Real Madrid,21,Spain - La Liga
155,Gerard Moreno Balaguero,54,21,15,1,12,7,7.3562750655,38.88888888888889,12.962962962962962,33.33333333333333,0.1362273160277778,Espanyol,26,Spain - La Liga
156,Gerard Piqué Bernabéu,14,7,3,0,3,2,2.367547179,50.0,14.285714285714285,28.57142857142857,0.16911051278571426,Barcelona,9,Spain - La Liga
157,Germán Alejandro Pezzella,17,8,7,0,0,3,1.6383144185,47.05882352941176,17.647058823529413,37.5,0.09637143638235295,Real Betis,12,Spain - La Liga
158,Giuseppe Rossi,33,17,6,1,9,6,4.5929836495,51.515151515151516,18.181818181818183,35.294117647058826,0.13918132271212122,Levante UD,14,Spain - La Liga
159,Gonzalo Castro Irizábal,20,7,6,0,4,1,0.988834267,35.0,5.0,14.285714285714285,0.04944171335,Málaga,11,Spain - La Liga
160,Gonzalo Escalante,24,5,10,2,4,3,2.632921528,20.833333333333336,12.5,60.0,0.10970506366666666,Eibar,18,Spain - La Liga
161,Gorka Elustondo Urkola,3,2,0,0,1,1,0.177619644,66.66666666666666,33.33333333333333,50.0,0.059206548,Athletic Club,3,Spain - La Liga
162,Grzegorz Krychowiak,22,2,13,0,5,0,1.863540542,9.090909090909092,0.0,0.0,0.08470638827272726,Sevilla,14,Spain - La Liga
163,Guilherme Magdalena Siqueira,5,0,4,0,1,0,0.2421237977,0.0,0.0,0.0,0.04842475954,Valencia,4,Spain - La Liga
164,Gustavo Daniel Cabral Cáceres,6,2,2,0,0,0,0.33655172000000005,33.33333333333333,0.0,0.0,0.05609195333333334,Celta Vigo,5,Spain - La Liga
165,Heiko Westermann,15,3,7,0,4,1,1.432165966,20.0,6.666666666666667,33.33333333333333,0.09547773106666665,Real Betis,10,Spain - La Liga
166,Henok Goitom,4,0,3,0,0,0,0.357834091,0.0,0.0,0.0,0.08945852275,Getafe,1,Spain - La Liga
167,Hernán Arsenio Pérez González,47,18,13,1,13,7,4.73360931,38.297872340425535,14.893617021276595,38.88888888888889,0.10071509170212767,Espanyol,24,Spain - La Liga
168,Hernán Daniel Santana Trujillo,9,4,2,0,3,1,0.342487177,44.44444444444444,11.11111111111111,25.0,0.03805413077777778,Las Palmas,7,Spain - La Liga
169,Hugo Mallo Novegil,9,4,3,1,1,1,0.465574104,44.44444444444444,11.11111111111111,25.0,0.051730456,Celta Vigo,7,Spain - La Liga
170,Hugo Miguel Almeida Costa Lopes,11,4,3,0,4,0,0.2452282895,36.36363636363637,0.0,0.0,0.022293480863636365,Granada,10,Spain - La Liga
171,Héctor Hernández Ortega,4,0,2,0,2,0,0.216661252,0.0,0.0,0.0,0.054165313,Real Sociedad,4,Spain - La Liga
172,Iago Aspas Juncal,82,34,26,5,13,14,13.1399144903,41.46341463414634,17.073170731707318,41.17647058823529,0.16024285963780488,Celta Vigo,31,Spain - La Liga
173,Ian González Nieto,1,0,0,0,0,0,0.26258382,0.0,0.0,0.0,0.26258382,Getafe,1,Spain - La Liga
174,Ibai Gómez Pérez,2,0,2,0,0,0,0.11435432,0.0,0.0,0.0,0.05717716,Athletic Club,2,Spain - La Liga
175,Ignacio Camacho Barnola,24,9,10,0,3,2,1.912619877,37.5,8.333333333333332,22.22222222222222,0.079692494875,Málaga,15,Spain - La Liga
176,Ignacio Cases Mora,22,4,8,0,6,1,1.091935953,18.181818181818183,4.545454545454546,25.0,0.0496334524090909,Sporting Gijón,13,Spain - La Liga
177,Ikechukwu Uche,1,1,0,0,0,0,0.0403415,100.0,0.0,0.0,0.0403415,Málaga,1,Spain - La Liga
178,Iker Muniain Goñi,23,9,8,0,6,2,2.9147747920000002,39.130434782608695,8.695652173913043,22.22222222222222,0.1267293387826087,Athletic Club,12,Spain - La Liga
179,Imanol Agirretxe Arruti,45,22,13,1,7,13,8.565384071,48.888888888888886,28.888888888888886,59.09090909090909,0.19034186824444446,Real Sociedad,14,Spain - La Liga
180,Isaac Ajayi Success,57,19,22,0,13,6,5.8018039887,33.33333333333333,10.526315789473683,31.57894736842105,0.10178603488947367,Granada,27,Spain - La Liga
181,Ismael López Blanco,19,5,11,0,1,2,2.0405036389999998,26.31578947368421,10.526315789473683,40.0,0.10739492836842104,Sporting Gijón,13,Spain - La Liga
182,Ivan Rakitić,44,14,18,0,12,7,4.7571411036,31.818181818181817,15.909090909090908,50.0,0.10811684326363637,Barcelona,25,Spain - La Liga
183,Iván López Mendoza,6,0,4,0,2,0,0.131090746,0.0,0.0,0.0,0.021848457666666668,Levante UD,6,Spain - La Liga
184,Iván Ramis Barrios,8,1,5,0,1,0,0.436287051,12.5,0.0,0.0,0.054535881375,Eibar,7,Spain - La Liga
185,Izet Hajrović,1,0,0,1,0,0,0.010219742,0.0,0.0,0.0,0.010219742,Eibar,1,Spain - La Liga
186,Iñaki Williams Arthuer,45,16,11,1,11,8,3.483108102,35.55555555555556,17.77777777777778,50.0,0.07740240226666667,Athletic Club,20,Spain - La Liga
187,Jackson Arley Martínez Valencia,26,9,7,0,9,2,2.706367576,34.61538461538461,7.6923076923076925,22.22222222222222,0.10409106061538462,Atlético Madrid,12,Spain - La Liga
188,James David Rodríguez Rubio,39,18,7,0,12,7,2.2199385825,46.15384615384615,17.94871794871795,38.88888888888889,0.05692150211538462,Real Madrid,17,Spain - La Liga
189,Jaume Vicent Costa Jordá,4,2,1,0,0,1,0.310948367,50.0,25.0,50.0,0.07773709175,Villarreal,3,Spain - La Liga
190,Javi Castellano Betancor,1,0,0,0,1,0,0.016279377,0.0,0.0,0.0,0.016279377,Las Palmas,1,Spain - La Liga
191,Javier Alejandro Mascherano,3,1,1,1,0,0,0.2654553155,33.33333333333333,0.0,0.0,0.08848510516666667,Barcelona,2,Spain - La Liga
192,Javier Eraso Goñi,11,5,5,0,1,2,2.215938226,45.45454545454545,18.181818181818183,40.0,0.20144892963636363,Athletic Club,8,Spain - La Liga
193,Javier Fuego Martínez,4,1,0,0,2,0,0.1823994437,25.0,0.0,0.0,0.045599860925,Valencia,3,Spain - La Liga
194,Javier Garrido Behovide,1,1,0,0,0,0,0.029745592,100.0,0.0,0.0,0.029745592,Las Palmas,1,Spain - La Liga
195,Javier Guerra Rodríguez,71,29,21,1,17,12,10.893820026,40.845070422535215,16.901408450704224,41.37931034482759,0.15343408487323945,Rayo Vallecano,23,Spain - La Liga
196,Javier López Rodríguez,5,2,3,0,0,0,0.1597433903,40.0,0.0,0.0,0.03194867806,Espanyol,5,Spain - La Liga
197,Javier Márquez Moreno,22,5,6,0,10,0,0.83114444,22.727272727272727,0.0,0.0,0.03777929272727273,Granada,14,Spain - La Liga
198,Javier Ontiveros Parra,1,1,0,0,0,0,0.019547472,100.0,0.0,0.0,0.019547472,Málaga,1,Spain - La Liga
199,Jean-Sylvain Claude Babin,13,5,5,0,2,3,1.537496935,38.46153846153847,23.076923076923077,60.0,0.118268995,Granada,11,Spain - La Liga
200,Jefferson Andrés Lerma Solís,37,3,20,0,11,1,2.1627750634000003,8.108108108108109,2.7027027027027026,33.33333333333333,0.058453380091891896,Levante UD,24,Spain - La Liga
201,Jerónimo Figueroa Cabrera,16,4,4,0,7,0,0.888079046,25.0,0.0,0.0,0.055504940375,Las Palmas,11,Spain - La Liga
202,Jesé Rodríguez Ruiz,21,17,2,0,2,5,3.1827483645,80.95238095238095,23.809523809523807,29.411764705882355,0.15155944592857143,Real Madrid,14,Spain - La Liga
203,Jesús Gámez Duarte,2,0,0,0,1,0,0.057461505999999996,0.0,0.0,0.0,0.028730752999999998,Atlético Madrid,2,Spain - La Liga
204,Joan Jordán Moreno,9,4,2,0,3,1,0.289841593,44.44444444444444,11.11111111111111,25.0,0.03220462144444444,Espanyol,5,Spain - La Liga
205,Joan Verdú Fernández,9,2,4,0,1,1,0.7506678055,22.22222222222222,11.11111111111111,50.0,0.08340753394444445,Levante UD,7,Spain - La Liga
206,Joaquín José Marín Ruiz,18,3,7,1,7,0,1.0412635555,16.666666666666664,0.0,0.0,0.057847975305555556,Rayo Vallecano,14,Spain - La Liga
207,Joaquín Sánchez Rodríguez,29,9,8,4,6,1,2.821706555,31.03448275862069,3.4482758620689653,11.11111111111111,0.09730022603448275,Real Betis,18,Spain - La Liga
208,John Guidetti,33,18,4,2,8,7,6.168000512,54.54545454545454,21.21212121212121,38.88888888888889,0.1869091064242424,Celta Vigo,20,Spain - La Liga
209,Jon Ansotegi Gorostola,4,1,2,0,0,0,0.324003947,25.0,0.0,0.0,0.08100098675,Eibar,3,Spain - La Liga
210,Jon Bautista Orgilles,4,2,1,0,1,1,0.292938926,50.0,25.0,50.0,0.0732347315,Real Sociedad,2,Spain - La Liga
211,Jonathan Castro Otto,14,4,6,0,2,1,0.8306117521,28.57142857142857,7.142857142857142,25.0,0.05932941086428572,Celta Vigo,11,Spain - La Liga
212,Jonathan Javier Rodríguez Portillo,19,6,7,0,3,0,1.764454102,31.57894736842105,0.0,0.0,0.09286600536842105,RC Deportivo La Coruña,9,Spain - La Liga
213,Jonathan Rodríguez Menéndez,56,20,18,0,13,5,3.2253276730000002,35.714285714285715,8.928571428571429,25.0,0.057595137017857144,Sporting Gijón,28,Spain - La Liga
214,Jonathan Viera Ramos,88,36,33,1,12,10,9.9133648789,40.909090909090914,11.363636363636363,27.77777777777778,0.11265187362386363,Las Palmas,33,Spain - La Liga
215,Jonathan dos Santos Ramírez,17,6,4,1,5,0,0.963045568,35.294117647058826,0.0,0.0,0.056649739294117644,Villarreal,11,Spain - La Liga
216,Jonathas Cristian de Jesus,58,26,19,1,8,7,7.3286787685,44.827586206896555,12.068965517241379,26.923076923076923,0.1263565304913793,Real Sociedad,21,Spain - La Liga
217,Jonhatan Montiel Caballero,2,0,1,0,1,0,0.052235242,0.0,0.0,0.0,0.026117621,Rayo Vallecano,2,Spain - La Liga
218,Jonás Manuel Gutiérrez,3,0,1,0,1,0,0.180557928,0.0,0.0,0.0,0.060185976,RC Deportivo La Coruña,2,Spain - La Liga
219,Jordi Alba Ramos,7,2,3,0,2,0,0.922170301,28.57142857142857,0.0,0.0,0.13173861442857143,Barcelona,6,Spain - La Liga
220,Jordi Figueras Montel,1,0,0,0,0,0,0.031736415,0.0,0.0,0.0,0.031736415,Real Betis,1,Spain - La Liga
221,Jordi Xumetra Feliu,8,3,2,0,2,0,0.7966430330000001,37.5,0.0,0.0,0.09958037912500001,Levante UD,6,Spain - La Liga
222,Jorge Andújar Moreno,32,9,12,0,8,1,2.7950790249999997,28.125,3.125,11.11111111111111,0.08734621953124999,Sevilla,15,Spain - La Liga
223,Jorge Franco Alviz,30,11,9,1,7,1,3.05365423,36.666666666666664,3.3333333333333335,9.090909090909092,0.10178847433333332,Espanyol,16,Spain - La Liga
224,Jorge Meré Pérez,8,1,3,1,1,0,0.763638888,12.5,0.0,0.0,0.095454861,Sporting Gijón,5,Spain - La Liga
225,Jorge Molina Vidal,13,6,6,0,0,1,2.552682932,46.15384615384615,7.6923076923076925,16.666666666666664,0.19636022553846155,Real Betis,10,Spain - La Liga
226,Jorge Resurrección Merodio,42,12,15,2,11,5,3.3703501851,28.57142857142857,11.904761904761903,41.66666666666667,0.08024643297857142,Atlético Madrid,28,Spain - La Liga
227,Joseba Zaldúa Bengoetxea,2,0,2,0,0,0,0.069136901,0.0,0.0,0.0,0.0345684505,Real Sociedad,2,Spain - La Liga
228,Josep Señé Escudero,2,1,1,0,0,0,0.14798198,50.0,0.0,0.0,0.07399099,Celta Vigo,2,Spain - La Liga
229,Josip Radošević,1,0,1,0,0,0,0.0067270626,0.0,0.0,0.0,0.0067270626,Eibar,1,Spain - La Liga
230,José Antonio Dorado Ramírez,1,1,0,0,0,0,0.04270823,100.0,0.0,0.0,0.04270823,Rayo Vallecano,1,Spain - La Liga
231,José Antonio García Rabasco,25,7,9,3,6,2,1.9504783337,28.000000000000004,8.0,28.57142857142857,0.078019133348,Levante UD,18,Spain - La Liga
232,José Antonio Reyes Calderón,23,10,4,0,8,1,2.3519426599999997,43.47826086956522,4.3478260869565215,10.0,0.10225837652173912,Sevilla,15,Spain - La Liga
233,José Eduardo Rosa Vale de Castro,10,3,3,0,0,2,0.659057513,30.0,20.0,66.66666666666666,0.06590575130000001,Rayo Vallecano,8,Spain - La Liga
234,José Ignacio Fernández Iglesias,5,2,0,1,2,0,0.276777068,40.0,0.0,0.0,0.0553554136,Real Madrid,5,Spain - La Liga
235,José Ignacio Martínez García,15,1,7,0,3,0,0.569473635,6.666666666666667,0.0,0.0,0.037964909000000005,Rayo Vallecano,10,Spain - La Liga
236,José Ignacio Peleteiro Ramallo,14,5,2,0,6,0,0.921291528,35.714285714285715,0.0,0.0,0.06580653771428571,Eibar,7,Spain - La Liga
237,José Luis García del Pozo,36,13,15,0,8,0,1.9154870732,36.11111111111111,0.0,0.0,0.053207974255555554,Málaga,23,Spain - La Liga
238,José Luis Gayà Peña,3,0,0,0,3,0,0.15877296200000002,0.0,0.0,0.0,0.05292432066666667,Valencia,3,Spain - La Liga
239,José Luis Morales Nogales,72,24,22,1,18,7,5.0543525995,33.33333333333333,9.722222222222223,29.166666666666668,0.07019934165972222,Levante UD,33,Spain - La Liga
240,José María Giménez de Vargas,14,3,5,0,1,1,1.780060315,21.428571428571427,7.142857142857142,33.33333333333333,0.12714716535714285,Atlético Madrid,13,Spain - La Liga
241,José María Martín-Bejarano Serrano,13,4,3,0,5,0,0.568200405,30.76923076923077,0.0,0.0,0.043707723461538464,Levante UD,7,Spain - La Liga
242,José Raúl Baena Urdiales,9,3,3,0,2,1,1.142238584,33.33333333333333,11.11111111111111,33.33333333333333,0.12691539822222223,Rayo Vallecano,7,Spain - La Liga
243,José Vicente Gómez Umpiérrez,7,3,2,0,2,1,0.268832278,42.857142857142854,14.285714285714285,33.33333333333333,0.03840461114285714,Las Palmas,6,Spain - La Liga
244,José Ángel Crespo Rincón,1,1,0,0,0,0,0.022514846,100.0,0.0,0.0,0.022514846,Rayo Vallecano,1,Spain - La Liga
245,Jozabed Sánchez Ruiz,45,23,9,1,10,9,5.3697299888,51.11111111111111,20.0,39.130434782608695,0.11932733308444443,Rayo Vallecano,22,Spain - La Liga
246,João Pedro Cavaco Cancelo,11,4,5,0,1,1,1.1009402185,36.36363636363637,9.090909090909092,25.0,0.1000854744090909,Valencia,9,Spain - La Liga
247,Juan Antonio Rodríguez Villamuela,19,5,7,1,5,0,1.113394329,26.31578947368421,0.0,0.0,0.05859970152631579,Getafe,16,Spain - La Liga
248,Juan Carlos Pérez López,15,5,7,0,2,1,1.3624367282,33.33333333333333,6.666666666666667,20.0,0.09082911521333334,Málaga,12,Spain - La Liga
249,Juan Carlos Valerón Santana,1,0,1,0,0,0,0.050460108,0.0,0.0,0.0,0.050460108,Las Palmas,1,Spain - La Liga
250,Juan Domínguez Lamas,4,1,2,0,1,0,0.20261412899999998,25.0,0.0,0.0,0.050653532249999994,RC Deportivo La Coruña,3,Spain - La Liga
251,Juan Emmanuel Culio,5,1,3,0,0,0,0.129450868,20.0,0.0,0.0,0.0258901736,Las Palmas,3,Spain - La Liga
252,Juan Francisco García García,3,0,1,0,2,0,0.1445148967,0.0,0.0,0.0,0.04817163223333334,Levante UD,3,Spain - La Liga
253,Juan Francisco Moreno Fuertes,20,3,10,1,6,1,0.4964241766,15.0,5.0,33.33333333333333,0.02482120883,RC Deportivo La Coruña,14,Spain - La Liga
254,Juan Francisco Torres Belén,7,3,0,0,3,1,0.526057725,42.857142857142854,14.285714285714285,33.33333333333333,0.07515110357142858,Atlético Madrid,5,Spain - La Liga
255,Juan Isaac Cuenca López,10,3,2,1,4,2,1.04051814,30.0,20.0,66.66666666666666,0.104051814,Granada,5,Spain - La Liga
256,Juan Manuel Vargas Risco,18,4,5,0,6,2,0.4334822173,22.22222222222222,11.11111111111111,50.0,0.024082345405555552,Real Betis,11,Spain - La Liga
257,Juan Muñoz Muñoz,6,2,3,0,1,1,1.19907384,33.33333333333333,16.666666666666664,50.0,0.19984564000000002,Sevilla,3,Spain - La Liga
258,Juan Pablo Añor Acosta,32,11,9,0,12,4,3.44528773,34.375,12.5,36.36363636363637,0.1076652415625,Málaga,19,Spain - La Liga
259,Juan Rafael Fuentes Hernández,1,1,0,0,0,0,0.018549595,100.0,0.0,0.0,0.018549595,Espanyol,1,Spain - La Liga
260,Juan Torres Ruiz,6,1,2,0,2,1,0.883300134,16.666666666666664,16.666666666666664,100.0,0.14721668899999998,Getafe,6,Spain - La Liga
261,Jérémy Mathieu,7,3,2,0,2,0,0.531517492,42.857142857142854,0.0,0.0,0.07593107028571429,Barcelona,6,Spain - La Liga
262,Karim Benzema,98,50,27,1,15,24,17.413094785,51.02040816326531,24.489795918367346,48.0,0.17768464066326528,Real Madrid,27,Spain - La Liga
263,Kevin Gameiro,73,38,18,0,12,16,16.297062037,52.054794520547944,21.91780821917808,42.10526315789473,0.22324742516438356,Sevilla,26,Spain - La Liga
264,Kléper Laveran Lima Ferreira,13,5,2,0,2,1,0.933935053,38.46153846153847,7.6923076923076925,20.0,0.07184115792307692,Real Madrid,10,Spain - La Liga
265,Laureano Sanabria Ruiz,1,0,1,0,0,0,0.06314745,0.0,0.0,0.0,0.06314745,RC Deportivo La Coruña,1,Spain - La Liga
266,Leandro Damião da Silva dos Santos,6,1,1,0,3,0,0.747107256,16.666666666666664,0.0,0.0,0.12451787600000001,Real Betis,2,Spain - La Liga
267,Leonardo Carrilho Baptistão,32,8,14,3,5,3,3.1885779745,25.0,9.375,37.5,0.099643061703125,Villarreal,18,Spain - La Liga
268,Lionel Andrés Messi Cuccittini,158,75,36,5,40,26,21.2636039485,47.46835443037975,16.455696202531644,34.66666666666667,0.13457977182594935,Barcelona,32,Spain - La Liga
269,Lucas Pérez Martínez,98,47,26,2,17,17,15.586357617700001,47.95918367346938,17.346938775510203,36.17021276595745,0.1590444654867347,RC Deportivo La Coruña,34,Spain - La Liga
270,Lucas Vázquez Iglesias,24,12,3,0,7,4,2.458887195,50.0,16.666666666666664,33.33333333333333,0.102453633125,Real Madrid,13,Spain - La Liga
271,Luciano Vietto,25,6,12,0,6,1,2.807212868,24.0,4.0,16.666666666666664,0.11228851472000001,Atlético Madrid,12,Spain - La Liga
272,Luis Alberto Romero Alconchel,79,28,26,4,18,6,6.5932580261,35.44303797468354,7.59493670886076,21.428571428571427,0.0834589623556962,RC Deportivo La Coruña,28,Spain - La Liga
273,Luis Alberto Suárez Díaz,139,70,40,7,14,40,27.6486560515,50.35971223021583,28.776978417266186,57.14285714285714,0.19891119461510792,Barcelona,34,Spain - La Liga
274,Luis Carlos Correia Pinto,8,1,4,0,2,0,0.400235938,12.5,0.0,0.0,0.05002949225,RC Deportivo La Coruña,6,Spain - La Liga
275,Luis Hernández Rodríguez,9,3,3,0,2,0,0.863667419,33.33333333333333,0.0,0.0,0.09596304655555556,Sporting Gijón,6,Spain - La Liga
276,Luka Modrić,35,10,7,0,16,2,1.824649446,28.57142857142857,5.714285714285714,20.0,0.052132841314285715,Real Madrid,22,Spain - La Liga
277,Mamadou Sylla Diallo,8,1,3,1,3,0,1.253704121,12.5,0.0,0.0,0.156713015125,Espanyol,7,Spain - La Liga
278,Manuel Agudo Durán,81,32,26,3,19,12,8.769344736,39.50617283950617,14.814814814814813,37.5,0.10826351525925927,Celta Vigo,25,Spain - La Liga
279,Manuel Castellano Castro,4,0,1,0,0,0,0.4309360974,0.0,0.0,0.0,0.10773402435,Eibar,3,Spain - La Liga
280,Manuel Pablo García Díaz,1,0,1,0,0,0,0.1691892,0.0,0.0,0.0,0.1691892,RC Deportivo La Coruña,1,Spain - La Liga
281,Manuel Trigueros Muñoz,30,7,12,2,6,2,1.4435452124,23.333333333333332,6.666666666666667,28.57142857142857,0.04811817374666667,Villarreal,17,Spain - La Liga
282,Marc Bartra Aregall,5,2,2,0,0,2,0.90193257,40.0,40.0,100.0,0.180386514,Barcelona,4,Spain - La Liga
283,Marcelo Alfonso Díaz Rojas,12,1,2,0,6,0,0.396962823,8.333333333333332,0.0,0.0,0.03308023525,Celta Vigo,6,Spain - La Liga
284,Marcelo Vieira da Silva Júnior,20,4,6,0,7,2,1.2862940575,20.0,10.0,50.0,0.06431470287499999,Real Madrid,14,Spain - La Liga
285,Marco Andreolli,3,0,3,0,0,0,0.33423035,0.0,0.0,0.0,0.11141011666666667,Sevilla,3,Spain - La Liga
286,Marco Asensio Willemsen,59,21,14,1,22,4,6.018847792,35.59322033898305,6.779661016949152,19.047619047619047,0.10201436935593221,Espanyol,23,Spain - La Liga
287,Marcos Alberto Angeleri,3,0,3,0,0,0,0.2901167,0.0,0.0,0.0,0.09670556666666667,Málaga,3,Spain - La Liga
288,Mariano Ferreira Filho,11,1,6,0,3,0,0.4688077545,9.090909090909092,0.0,0.0,0.04261888677272727,Sevilla,10,Spain - La Liga
289,Mario Gaspar Pérez Martínez,33,7,14,1,9,2,1.6763872686,21.21212121212121,6.0606060606060606,28.57142857142857,0.0507996142,Villarreal,21,Spain - La Liga
290,Markel Bergara Larrañaga,15,3,5,0,3,1,1.208382244,20.0,6.666666666666667,33.33333333333333,0.08055881626666667,Real Sociedad,9,Spain - La Liga
291,Markel Susaeta Laskurain,25,10,4,1,9,3,2.2431490799,40.0,12.0,30.0,0.08972596319599999,Athletic Club,18,Spain - La Liga
292,Martín Montoya Torralbo,1,0,0,0,1,0,0.026570518,0.0,0.0,0.0,0.026570518,Real Betis,1,Spain - La Liga
293,Mateo Kovačić,10,3,4,0,3,0,0.735938164,30.0,0.0,0.0,0.0735938164,Real Madrid,6,Spain - La Liga
294,Mateo Pablo Musacchio,2,1,1,0,0,1,0.229806935,50.0,50.0,100.0,0.1149034675,Villarreal,2,Spain - La Liga
295,Matheus Dória Macedo,2,0,0,0,1,0,0.122967354,0.0,0.0,0.0,0.061483677,Granada,1,Spain - La Liga
296,Matías Nahuel Leiva Esquivel,10,3,6,0,1,0,0.9688382799999999,30.0,0.0,0.0,0.09688382799999999,Villarreal,6,Spain - La Liga
297,Mauricio Andrés Cuero Castillo,10,4,2,0,4,0,0.31446554,40.0,0.0,0.0,0.031446554,Levante UD,6,Spain - La Liga
298,Mauricio Lemos Merladet,6,2,2,0,0,0,0.1883334855,33.33333333333333,0.0,0.0,0.031388914250000004,Las Palmas,5,Spain - La Liga
299,Mauro Javier Dos Santos,11,5,4,0,2,0,0.696998358,45.45454545454545,0.0,0.0,0.0633634870909091,Eibar,11,Spain - La Liga
300,Mehdi Lacen,14,0,5,1,4,0,0.360328696,0.0,0.0,0.0,0.025737764,Getafe,10,Spain - La Liga
301,Michael Krohn-Dehli,25,3,11,1,7,1,3.1831758664,12.0,4.0,33.33333333333333,0.127327034656,Sevilla,14,Spain - La Liga
302,Miguel Filipe Nunes Cardoso,3,0,2,0,1,0,0.093227425,0.0,0.0,0.0,0.031075808333333333,RC Deportivo La Coruña,1,Spain - La Liga
303,Miguel Torres Gómez,1,0,1,0,0,0,0.015848313,0.0,0.0,0.0,0.015848313,Málaga,1,Spain - La Liga
304,Miguel Ángel Guerrero Martín,22,8,6,0,5,2,2.473548937,36.36363636363637,9.090909090909092,25.0,0.11243404259090908,Sporting Gijón,11,Spain - La Liga
305,Mikel Arruabarrena Aranbide,1,1,0,0,0,1,0.908745,100.0,100.0,100.0,0.908745,Eibar,1,Spain - La Liga
306,Mikel Balenziaga Oruesagasti,8,0,6,0,0,0,0.1567500425,0.0,0.0,0.0,0.0195937553125,Athletic Club,8,Spain - La Liga
307,Mikel González de Martín Martínez,5,0,3,0,1,0,0.287824111,0.0,0.0,0.0,0.0575648222,Real Sociedad,4,Spain - La Liga
308,Mikel Oyarzabal Ugarte,32,10,13,1,4,6,3.049755573,31.25,18.75,60.0,0.09530486165625,Real Sociedad,17,Spain - La Liga
309,Mikel Rico Moreno,11,4,3,0,3,1,0.570646976,36.36363636363637,9.090909090909092,25.0,0.05187699781818182,Athletic Club,6,Spain - La Liga
310,Mikel San José Domínguez,26,7,10,0,6,2,2.183685165,26.923076923076923,7.6923076923076925,28.57142857142857,0.08398789096153846,Athletic Club,17,Spain - La Liga
311,Moisés Gómez Bordonado,16,9,5,0,2,2,1.077038205,56.25,12.5,22.22222222222222,0.0673148878125,Getafe,12,Spain - La Liga
312,Mubarak Wakaso,19,6,3,0,8,1,0.4496977587,31.57894736842105,5.263157894736842,16.666666666666664,0.023668303089473684,Las Palmas,11,Spain - La Liga
313,Munir El Haddadi Mohamed,17,6,9,0,1,3,4.141642312,35.294117647058826,17.647058823529413,50.0,0.24362601835294118,Barcelona,11,Spain - La Liga
314,Nabil El Zhar,28,13,6,1,7,2,1.7537265735,46.42857142857143,7.142857142857142,15.384615384615385,0.06263309191071428,Las Palmas,15,Spain - La Liga
315,Nabil Ghilas,21,5,9,0,7,0,1.687444693,23.809523809523807,0.0,0.0,0.0803545091904762,Levante UD,11,Spain - La Liga
316,Nauzet Alemán Viera,3,0,2,0,0,0,0.181780575,0.0,0.0,0.0,0.060593525,Las Palmas,3,Spain - La Liga
317,Nemanja Radoja,6,1,3,0,1,0,0.2905051663,16.666666666666664,0.0,0.0,0.048417527716666665,Celta Vigo,5,Spain - La Liga
318,Neymar da Silva Santos Junior,123,57,37,5,22,24,20.4726230755,46.34146341463415,19.51219512195122,42.10526315789473,0.16644409004471544,Barcelona,34,Spain - La Liga
319,Nicolás Federico López Alonso,7,0,2,0,5,0,0.383783559,0.0,0.0,0.0,0.054826222714285715,Granada,4,Spain - La Liga
320,Nicolás Ladislao Fedor Flores,42,19,13,2,6,9,10.05265,45.23809523809524,21.428571428571427,47.368421052631575,0.23934880952380952,Rayo Vallecano,15,Spain - La Liga
321,Nordin Amrabat,28,8,10,0,9,0,2.3520976144,28.57142857142857,0.0,0.0,0.08400348622857143,Málaga,11,Spain - La Liga
322,Omar Mascarell González,11,1,6,1,3,0,0.306479805,9.090909090909092,0.0,0.0,0.027861800454545452,Sporting Gijón,7,Spain - La Liga
323,Oriol Riera Magem,24,6,8,2,6,2,2.822080491,25.0,8.333333333333332,33.33333333333333,0.11758668712499999,RC Deportivo La Coruña,12,Spain - La Liga
324,Pablo Daniel Piatti,11,4,6,0,0,0,1.317824786,36.36363636363637,0.0,0.0,0.11980225327272728,Valencia,7,Spain - La Liga
325,Pablo Fornals Malla,22,4,10,0,7,1,1.4170970788,18.181818181818183,4.545454545454546,25.0,0.06441350358181817,Málaga,14,Spain - La Liga
326,Pablo Hernández Domínguez,35,11,10,1,12,3,2.401967648,31.428571428571427,8.571428571428571,27.27272727272727,0.06862764708571428,Rayo Vallecano,18,Spain - La Liga
327,Pablo Pérez Rodríguez,18,8,3,1,4,0,1.750078349,44.44444444444444,0.0,0.0,0.09722657494444445,Sporting Gijón,10,Spain - La Liga
328,Pablo Sarabia García,65,33,18,0,12,7,4.2922296586,50.76923076923077,10.76923076923077,21.21212121212121,0.06603430244,Getafe,28,Spain - La Liga
329,Papa Kouly Diop,22,8,9,1,2,3,1.5199058644999999,36.36363636363637,13.636363636363635,37.5,0.06908663020454545,Espanyol,17,Spain - La Liga
330,Patrick Ebert,10,4,4,1,1,0,1.1639035636000001,40.0,0.0,0.0,0.11639035636000002,Rayo Vallecano,5,Spain - La Liga
331,Pedro Bigas Rigo,15,5,5,0,4,3,1.077753425,33.33333333333333,20.0,60.0,0.07185022833333334,Las Palmas,12,Spain - La Liga
332,Pedro León Sánchez Gil,44,10,20,3,10,2,3.4567753991,22.727272727272727,4.545454545454546,20.0,0.07856307725227273,Getafe,21,Spain - La Liga
333,Pedro López Muñoz,6,2,1,0,2,1,0.363542408,33.33333333333333,16.666666666666664,50.0,0.06059040133333333,Levante UD,6,Spain - La Liga
334,Pedro Mosquera Parada,30,4,13,0,10,0,1.5453007234,13.333333333333334,0.0,0.0,0.05151002411333334,RC Deportivo La Coruña,19,Spain - La Liga
335,Pedro Pablo Hernández,27,5,14,0,7,2,1.7812194036,18.51851851851852,7.4074074074074066,40.0,0.06597108902222222,Celta Vigo,17,Spain - La Liga
336,Pedro Taunausú Domínguez Placeres,31,16,9,0,4,5,2.806223571,51.61290322580645,16.129032258064516,31.25,0.090523341,Las Palmas,18,Spain - La Liga
337,Petros Matheus dos Santos Araújo,9,1,5,0,2,1,0.842020379,11.11111111111111,11.11111111111111,100.0,0.0935578198888889,Real Betis,6,Spain - La Liga
338,Rachid Aït-Atmane,6,1,1,0,3,0,0.359132734,16.666666666666664,0.0,0.0,0.05985545566666667,Sporting Gijón,5,Spain - La Liga
339,Rafael Alcântara do Nascimento,3,2,0,0,0,1,0.840331049,66.66666666666666,33.33333333333333,50.0,0.28011034966666665,Barcelona,3,Spain - La Liga
340,Rafael van der Vaart,6,1,4,0,1,0,0.339180408,16.666666666666664,0.0,0.0,0.056530067999999996,Real Betis,4,Spain - La Liga
341,Raphaël Varane,12,2,6,0,0,0,1.092070128,16.666666666666664,0.0,0.0,0.091005844,Real Madrid,11,Spain - La Liga
342,Raúl Albentosa Redal,17,7,5,0,2,2,1.6249732620000001,41.17647058823529,11.76470588235294,28.57142857142857,0.09558666247058824,Málaga,10,Spain - La Liga
343,Raúl García Escudero,79,21,29,4,22,7,5.3487873304999995,26.582278481012654,8.860759493670885,33.33333333333333,0.06770616874050632,Athletic Club,29,Spain - La Liga
344,Rene Krhin,8,1,5,0,1,0,0.517734972,12.5,0.0,0.0,0.0647168715,Granada,6,Spain - La Liga
345,Ricardo Jorge Luz Horta,18,2,9,1,6,0,1.1183640359,11.11111111111111,0.0,0.0,0.06213133532777778,Málaga,10,Spain - La Liga
346,Ricardo Miguel Moreira da Costa,9,3,4,0,1,1,0.774594651,33.33333333333333,11.11111111111111,33.33333333333333,0.08606607233333334,Granada,7,Spain - La Liga
347,Ricky van Wolfswinkel,15,5,4,0,1,1,2.11123673,33.33333333333333,6.666666666666667,20.0,0.1407491153333333,Real Betis,9,Spain - La Liga
348,Robert Ibáñez Castro,10,2,5,0,2,0,0.576243653,20.0,0.0,0.0,0.0576243653,Granada,8,Spain - La Liga
349,Roberto José Rosales Altuve,18,3,6,0,7,0,0.45891776500000003,16.666666666666664,0.0,0.0,0.025495431388888892,Málaga,12,Spain - La Liga
350,Roberto Lago Soto,4,0,1,0,2,0,0.10069657100000001,0.0,0.0,0.0,0.025174142750000003,Getafe,4,Spain - La Liga
351,Roberto Román Triguero,12,1,3,0,6,1,0.684320841,8.333333333333332,8.333333333333332,100.0,0.05702673675,Rayo Vallecano,9,Spain - La Liga
352,Roberto Soldado Rillo,41,21,12,2,4,5,4.949580899,51.21951219512195,12.195121951219512,23.809523809523807,0.12072148534146342,Villarreal,22,Spain - La Liga
353,Roberto Suárez Pier,1,1,0,0,0,0,0.34450844,100.0,0.0,0.0,0.34450844,RC Deportivo La Coruña,1,Spain - La Liga
354,Roberto Trashorras Gayoso,33,12,8,1,8,3,3.2320223973,36.36363636363637,9.090909090909092,25.0,0.09794007264545455,Rayo Vallecano,22,Spain - La Liga
355,Rodrigo Hernández Cascante,2,1,1,0,0,0,0.22915057,50.0,0.0,0.0,0.114575285,Villarreal,1,Spain - La Liga
356,Rodrigo Javier De Paul,10,2,1,0,6,0,0.522683042,20.0,0.0,0.0,0.052268304200000004,Valencia,5,Spain - La Liga
357,Rodrigo Moreno Machado,38,15,13,1,8,2,4.3710106314,39.473684210526315,5.263157894736842,13.333333333333334,0.11502659556315789,Valencia,19,Spain - La Liga
358,Roger Martí Salvador,21,11,5,1,3,0,1.885506334,52.38095238095239,0.0,0.0,0.0897860159047619,Levante UD,11,Spain - La Liga
359,Roque Luis Santa Cruz Cantero,5,2,2,0,1,2,0.842962184,40.0,40.0,100.0,0.1685924368,Málaga,3,Spain - La Liga
360,Roque Mesa Quevedo,33,7,18,0,6,1,1.8010881026,21.21212121212121,3.0303030303030303,14.285714285714285,0.054578427351515156,Las Palmas,18,Spain - La Liga
361,Rubén Castro Martín,103,47,26,1,24,19,16.6175140786,45.63106796116505,18.446601941747574,40.42553191489361,0.16133508814174757,Real Betis,35,Spain - La Liga
362,Rubén Duarte Sánchez,10,2,3,0,5,0,0.388189417,20.0,0.0,0.0,0.0388189417,Espanyol,8,Spain - La Liga
363,Rubén García Santos,16,7,2,0,6,1,0.719388785,43.75,6.25,14.285714285714285,0.0449617990625,Levante UD,13,Spain - La Liga
364,Rubén Gracia Calmache,10,5,2,0,2,0,0.430105804,50.0,0.0,0.0,0.0430105804,RC Deportivo La Coruña,7,Spain - La Liga
365,Rubén Pardo Gutiérrez,37,8,9,1,17,0,1.9191028093,21.62162162162162,0.0,0.0,0.05186764349459459,Real Sociedad,17,Spain - La Liga
366,Rubén Rochina Naixes,78,24,27,2,20,6,3.5993366078,30.76923076923077,7.6923076923076925,25.0,0.046145341125641025,Granada,29,Spain - La Liga
367,Rubén Salvador Pérez Del Mármol,17,1,7,0,6,0,0.7926000807,5.88235294117647,0.0,0.0,0.04662353415882353,Granada,12,Spain - La Liga
368,Rúben Miguel Nunes Vezo,3,0,0,0,1,0,0.154619965,0.0,0.0,0.0,0.051539988333333335,Valencia,3,Spain - La Liga
369,Răzvan Dincă Raț,8,3,2,0,2,0,0.1938224838,37.5,0.0,0.0,0.024227810475,Rayo Vallecano,6,Spain - La Liga
370,Sabin Merino Zuloaga,27,16,7,0,1,5,3.9364403820000002,59.25925925925925,18.51851851851852,31.25,0.14579408822222223,Athletic Club,14,Spain - La Liga
371,Salvador Sevilla López,7,4,2,1,0,1,1.318301098,57.14285714285714,14.285714285714285,25.0,0.1883287282857143,Espanyol,5,Spain - La Liga
372,Samuel Castillejo Azuaga,25,6,10,0,9,1,1.4623469445,24.0,4.0,16.666666666666664,0.058493877779999995,Villarreal,17,Spain - La Liga
373,Samuel García Sánchez,10,3,2,1,1,2,1.251570528,30.0,20.0,66.66666666666666,0.1251570528,Villarreal,7,Spain - La Liga
374,Sandro Ramírez Castillo,10,1,4,1,3,0,1.9301422750000001,10.0,0.0,0.0,0.19301422750000002,Barcelona,5,Spain - La Liga
375,Santiago Mina Lorenzo,24,11,7,1,5,4,3.0515685820000003,45.83333333333333,16.666666666666664,36.36363636363637,0.12714869091666667,Valencia,15,Spain - La Liga
376,Santiago Vergini,8,2,2,0,3,0,0.826662749,25.0,0.0,0.0,0.103332843625,Getafe,5,Spain - La Liga
377,Saúl Berjón Pérez,34,13,8,2,9,4,5.559030788499999,38.23529411764706,11.76470588235294,30.76923076923077,0.16350090554411764,Eibar,19,Spain - La Liga
378,Saúl Ñíguez Esclapez,47,16,16,0,12,4,2.8807713060999998,34.04255319148936,8.51063829787234,25.0,0.06129300651276595,Atlético Madrid,23,Spain - La Liga
379,Sebastián Carlos Cristóforo Pepe,3,1,1,0,1,0,0.11124117800000001,33.33333333333333,0.0,0.0,0.03708039266666667,Sevilla,2,Spain - La Liga
380,Sergi Darder Moll,3,1,2,0,0,0,0.07013013,33.33333333333333,0.0,0.0,0.02337671,Málaga,1,Spain - La Liga
381,Sergi Gómez Solà,2,0,0,0,1,0,0.113253797,0.0,0.0,0.0,0.0566268985,Celta Vigo,2,Spain - La Liga
382,Sergi Roberto Carnicer,16,3,6,1,6,0,0.97758648,18.75,0.0,0.0,0.061099155,Barcelona,13,Spain - La Liga
383,Sergio Busquets i Burgos,6,2,2,0,2,0,0.226354699,33.33333333333333,0.0,0.0,0.037725783166666665,Barcelona,5,Spain - La Liga
384,Sergio Canales Madrazo,24,5,11,0,8,0,0.9852718144,20.833333333333336,0.0,0.0,0.041052992266666664,Real Sociedad,12,Spain - La Liga
385,Sergio Enrich Ametller,44,23,7,0,7,9,7.425821309,52.27272727272727,20.454545454545457,39.130434782608695,0.16876866611363636,Eibar,24,Spain - La Liga
386,Sergio Escudero Palomo,12,5,4,0,2,1,0.843625972,41.66666666666667,8.333333333333332,20.0,0.07030216433333333,Sevilla,9,Spain - La Liga
387,Sergio Ezequiel Araújo,61,24,20,1,11,5,6.911008203,39.34426229508197,8.19672131147541,20.833333333333336,0.11329521644262294,Las Palmas,26,Spain - La Liga
388,Sergio Gontán Gallardo,36,13,6,1,15,3,2.8453621715,36.11111111111111,8.333333333333332,23.076923076923077,0.07903783809722223,Eibar,20,Spain - La Liga
389,Sergio Mendigutxia Iglesias,1,0,1,0,0,0,0.045000456,0.0,0.0,0.0,0.045000456,Sporting Gijón,1,Spain - La Liga
390,Sergio Ramos García,19,4,8,1,4,2,1.1943304557,21.052631578947366,10.526315789473683,50.0,0.06285949766842105,Real Madrid,12,Spain - La Liga
391,Sergio Álvarez Díaz,5,3,2,0,0,2,0.440311583,60.0,40.0,66.66666666666666,0.0880623166,Sporting Gijón,5,Spain - La Liga
392,Shkodran Mustafi,24,4,7,0,7,2,1.986936125,16.666666666666664,8.333333333333332,50.0,0.08278900520833334,Valencia,15,Spain - La Liga
393,Sidnei Rechel da Silva Júnior,6,0,4,0,1,0,0.7177396100000001,0.0,0.0,0.0,0.11962326833333335,RC Deportivo La Coruña,5,Spain - La Liga
394,Simone Verdi,6,1,1,0,3,0,0.2076511806,16.666666666666664,0.0,0.0,0.0346085301,Eibar,6,Spain - La Liga
395,Simão Mate,13,3,3,0,1,1,0.783076223,23.076923076923077,7.6923076923076925,33.33333333333333,0.06023663253846154,Levante UD,9,Spain - La Liga
396,Sofiane Feghouli,24,8,7,0,7,1,2.675549959,33.33333333333333,4.166666666666666,12.5,0.11148124829166667,Valencia,11,Spain - La Liga
397,Stefan Savić,2,0,1,1,0,0,0.432464496,0.0,0.0,0.0,0.216232248,Atlético Madrid,2,Spain - La Liga
398,Stefan Šćepović,30,16,5,1,5,6,5.3156517149999996,53.333333333333336,20.0,37.5,0.1771883905,Getafe,18,Spain - La Liga
399,Steven N''Kemboanza Mike Christopher Nzonzi,19,9,5,1,2,3,1.9373808129999999,47.368421052631575,15.789473684210526,33.33333333333333,0.10196741121052631,Sevilla,13,Spain - La Liga
400,Sérgio Paulo Barbosa Valente,23,8,7,0,8,1,2.0180432692,34.78260869565217,4.3478260869565215,12.5,0.08774101170434782,Málaga,15,Spain - La Liga
401,Takashi Inui,36,11,11,2,8,3,2.712040422,30.555555555555557,8.333333333333332,27.27272727272727,0.07533445616666666,Eibar,20,Spain - La Liga
402,Thievy Guivane Bifouma Koulossa,2,1,0,0,1,0,0.096841663,50.0,0.0,0.0,0.0484208315,Granada,2,Spain - La Liga
403,Thomas Teye Partey,10,3,3,2,0,2,1.9881008310000001,30.0,20.0,66.66666666666666,0.1988100831,Atlético Madrid,7,Spain - La Liga
404,Thomas Vermaelen,3,3,0,0,0,1,0.41306553,100.0,33.33333333333333,33.33333333333333,0.13768851000000001,Barcelona,1,Spain - La Liga
405,Théo Bongonda Mbul''Ofeko Batombo,19,5,8,1,5,2,2.333516878,26.31578947368421,10.526315789473683,40.0,0.1228166777894737,Celta Vigo,9,Spain - La Liga
406,Tiago Cardoso Mendes,7,2,5,0,0,1,0.417838628,28.57142857142857,14.285714285714285,50.0,0.05969123257142857,Atlético Madrid,7,Spain - La Liga
407,Tiago Manuel Dias Correia,80,23,27,0,22,3,2.4508808161,28.749999999999996,3.75,13.043478260869565,0.03063601020125,Rayo Vallecano,27,Spain - La Liga
408,Timothée Kolodziejczak,7,2,4,0,1,0,0.965119266,28.57142857142857,0.0,0.0,0.13787418085714284,Sevilla,6,Spain - La Liga
409,Tomás Pina Isla,7,2,3,0,2,0,0.512563164,28.57142857142857,0.0,0.0,0.07322330914285714,Villarreal,6,Spain - La Liga
410,Toni Kroos,20,4,8,0,7,1,0.849344199,20.0,5.0,25.0,0.04246720995,Real Madrid,18,Spain - La Liga
411,Vicente Iborra De La Fuente,32,12,9,2,6,7,6.913816977,37.5,21.875,58.333333333333336,0.21605678053125,Sevilla,18,Spain - La Liga
412,Vincenzo Renato Rennella,5,2,0,0,3,1,0.868483424,40.0,20.0,50.0,0.1736966848,Real Betis,3,Spain - La Liga
413,Víctor Camarasa Ferrando,28,8,13,0,5,2,2.381990513,28.57142857142857,7.142857142857142,25.0,0.08507108975,Levante UD,18,Spain - La Liga
414,Víctor Casadesús Castaño,12,3,3,1,4,3,1.183352612,25.0,25.0,100.0,0.09861271766666667,Levante UD,11,Spain - La Liga
415,Víctor Guillermo Álvarez Delgado,13,3,2,1,6,1,1.6002965200000001,23.076923076923077,7.6923076923076925,33.33333333333333,0.12309973230769232,Espanyol,10,Spain - La Liga
416,Víctor Machín Pérez,24,12,6,0,5,2,3.254054253,50.0,8.333333333333332,16.666666666666664,0.135585593875,Sevilla,15,Spain - La Liga
417,Víctor Rodríguez Romero,45,12,14,1,14,2,3.692365733,26.666666666666668,4.444444444444445,16.666666666666664,0.08205257184444445,Getafe,20,Spain - La Liga
418,Víctor Ruíz Torre,5,1,2,0,2,0,0.287569435,20.0,0.0,0.0,0.057513887,Villarreal,5,Spain - La Liga
419,Víctor Sánchez Mata,24,8,8,1,6,1,1.968166841,33.33333333333333,4.166666666666666,12.5,0.08200695170833333,Espanyol,17,Spain - La Liga
420,Wanderson Maciel Sousa Campos,24,3,8,0,11,0,1.229387171,12.5,0.0,0.0,0.05122446545833333,Getafe,15,Spain - La Liga
421,Weligton Róbson Pena de Oliveira,4,0,4,0,0,0,0.384656812,0.0,0.0,0.0,0.096164203,Málaga,4,Spain - La Liga
422,Willian José da Silva,54,23,17,2,11,9,5.885563353,42.592592592592595,16.666666666666664,39.130434782608695,0.10899191394444445,Las Palmas,21,Spain - La Liga
423,Xabier Etxeita Gorritxategi,10,1,6,1,2,0,0.762317727,10.0,0.0,0.0,0.0762317727,Athletic Club,9,Spain - La Liga
424,Xabier Prieto Argarate,18,10,3,1,2,3,2.236564283,55.55555555555556,16.666666666666664,30.0,0.12425357127777777,Real Sociedad,14,Spain - La Liga
425,Xavier Torres Buigues,8,2,3,0,1,0,0.6152708515,25.0,0.0,0.0,0.0769088564375,Real Betis,4,Spain - La Liga
426,Yannick Ferreira Carrasco,54,17,22,1,13,4,4.201957231,31.48148148148148,7.4074074074074066,23.52941176470588,0.07781402279629629,Atlético Madrid,27,Spain - La Liga
427,Yevhen Konoplyanka,51,21,18,0,11,4,3.657506512,41.17647058823529,7.8431372549019605,19.047619047619047,0.07171581396078432,Sevilla,22,Spain - La Liga
428,Youssef El-Arabi,72,35,18,2,13,16,13.7322250205,48.61111111111111,22.22222222222222,45.714285714285715,0.19072534750694445,Granada,30,Spain - La Liga
429,Yuri Berchiche Izeta,14,2,7,0,3,0,0.3827946545,14.285714285714285,0.0,0.0,0.027342475321428573,Real Sociedad,9,Spain - La Liga
430,Zakaria Bakkali,13,2,5,0,6,1,0.580287428,15.384615384615385,7.6923076923076925,50.0,0.04463749446153846,Valencia,10,Spain - La Liga
431,Zouhair Feddal,11,3,5,0,1,1,1.46310558,27.27272727272727,9.090909090909092,33.33333333333333,0.13300959818181818,Levante UD,10,Spain - La Liga
432,Álvaro Cejudo Carmona,36,11,11,0,10,1,1.2630646795,30.555555555555557,2.7777777777777777,9.090909090909092,0.03508512998611111,Real Betis,20,Spain - La Liga
433,Álvaro Daniel Pereira Barragán,2,0,1,0,1,0,0.0172918123,0.0,0.0,0.0,0.00864590615,Getafe,2,Spain - La Liga
434,Álvaro González Soberón,18,6,6,0,3,0,1.3283382990000001,33.33333333333333,0.0,0.0,0.07379657216666667,Espanyol,14,Spain - La Liga
435,Álvaro Medrán Just,31,13,10,0,7,2,1.780966198,41.935483870967744,6.451612903225806,15.384615384615385,0.05745052251612903,Getafe,13,Spain - La Liga
436,Álvaro Negredo Sánchez,39,11,18,1,8,5,5.913629139,28.205128205128204,12.82051282051282,45.45454545454545,0.1516315163846154,Valencia,18,Spain - La Liga
437,Álvaro Vadillo Cifuentes,1,0,1,0,0,0,0.028535385,0.0,0.0,0.0,0.028535385,Real Betis,1,Spain - La Liga
438,Álvaro Vázquez García,48,16,19,2,6,5,9.287005242,33.33333333333333,10.416666666666668,31.25,0.193479275875,Getafe,25,Spain - La Liga
439,Ángel Lafita Castillo,28,11,8,1,7,3,2.053953095,39.285714285714285,10.714285714285714,27.27272727272727,0.07335546767857141,Getafe,14,Spain - La Liga
440,Ángel Martín Correa,30,14,7,1,4,5,3.487677773,46.666666666666664,16.666666666666664,35.714285714285715,0.11625592576666667,Atlético Madrid,16,Spain - La Liga
441,Ángel Montoro Sánchez,1,0,1,0,0,0,0.0161925,0.0,0.0,0.0,0.0161925,Las Palmas,1,Spain - La Liga
442,Ángel Trujillo Canorea,2,0,1,0,0,0,0.0380407936,0.0,0.0,0.0,0.0190203968,Levante UD,2,Spain - La Liga
443,Éver Maximiliano David Banega,39,20,11,1,7,5,3.2258139927,51.28205128205128,12.82051282051282,25.0,0.0827131793,Sevilla,18,Spain - La Liga
444,Íñigo Lekue Martínez,11,4,3,0,3,1,0.5773723749999999,36.36363636363637,9.090909090909092,25.0,0.05248839772727272,Athletic Club,8,Spain - La Liga
445,Íñigo Martínez Berridi,16,4,5,0,6,1,1.0669415,25.0,6.25,25.0,0.06668384375,Real Sociedad,11,Spain - La Liga
446,Óliver Torres Muñoz,11,2,4,0,3,0,0.43698724180000004,18.181818181818183,0.0,0.0,0.0397261128909091,Atlético Madrid,10,Spain - La Liga
447,Óscar Esau Duarte Gaitán,9,3,3,1,1,1,1.51355295,33.33333333333333,11.11111111111111,33.33333333333333,0.16817255,Espanyol,6,Spain - La Liga
448,Óscar de Marcos Arana,13,4,7,0,2,1,0.66481902,30.76923076923077,7.6923076923076925,25.0,0.05113992461538462,Athletic Club,11,Spain - La Liga
